patient,label,class_name,dice,hd95_mm,msd_mm,tp_voxels,fp_voxels,fn_voxels,precision,recall,gt_volume_ml,pred_volume_ml,fp_volume_ml,fn_volume_ml,signed_volume_error_percent
Patient_22,3,Label 3,0.7267086330935252,260.3342376493507,45.10777093544246,16162,10490,1666,0.6064085246885788,0.9065514920350011,42.50522277318955,63.54325764814045,25.010084523825352,3.972049648874455,49.49517612743998
Patient_30,4,Label 4,0.749162504112703,90.26713597296204,18.941346983903326,100187,50333,16757,0.6656058995482328,0.8567091941442058,278.81595086312984,358.86729480707265,120.0031062285702,39.9517622846274,28.711177999726363
Patient_13,3,Label 3,0.6584926836499163,90.0,17.293518886009387,15548,14848,1279,0.5115146729832872,0.9239912046116361,32.09495544433594,57.97576904296875,28.3203125,2.4394989013671875,80.63825993938313
Patient_02,4,Label 4,0.8683162762324413,68.08560532874819,10.131673584963707,79711,17937,6240,0.816309601835163,0.9274004956312317,204.92295280336631,232.81074676668234,42.76509877062491,14.877304807308883,13.608916708357087
Patient_16,3,Label 3,0.7252008219689894,60.0,9.825842649899307,13587,7953,2344,0.6307799442896936,0.852865482392819,37.98242674442914,51.35531178676817,18.9614110789307,5.58852603659167,35.20808486598456
Patient_28,4,Label 4,0.6075383451406562,55.52633678255858,13.76911295974927,70664,50712,40584,0.5821908779330346,0.6351934416798505,265.23564185953506,289.38265196985947,120.9067117609372,96.75970165061278,9.103983891845246
Patient_01,3,Label 3,0.8141062939047754,54.04413139385811,8.197169504956838,28683,9773,3326,0.745865404618265,0.896091724202568,61.05232238769531,73.3489990234375,18.640518188476562,6.343841552734375,20.141210284607453
Patient_35,3,Label 3,0.7129265091863517,52.003593997576324,7.728403117185066,8692,6176,824,0.5846112456281948,0.9134089953762085,35.57464599609376,55.58258056640626,23.088378906250004,3.0804443359375004,56.242118537200504
Patient_28,3,Label 3,0.6966593513777127,48.0415062168759,11.159571312721305,11428,7848,2104,0.5928615895413987,0.844516701152823,32.26277061738843,45.95752042719327,18.711071815346173,5.016322005541329,42.44753177652971
Patient_02,3,Label 3,0.7333583852265407,42.55606145927298,5.979767972816182,13661,9355,579,0.5935436218282933,0.9593398876404494,33.95077250898694,54.87436657772777,22.304036293649776,1.3804422249089494,61.62921348314607
Patient_16,4,Label 4,0.7874904395690429,40.88541641334629,12.015965670570537,65381,32147,3140,0.6703818390616029,0.9541746325943872,163.36663504833527,232.52464475115718,76.64434577573056,7.486336072908637,42.33300739919149
Patient_22,1,Label 1,0.5066213726393367,37.07724255961305,9.940143381642926,8799,13105,4033,0.4017074506939372,0.6857076059850374,30.593842193491604,52.22315456719452,31.244724278811365,9.61541190510845,70.69825436408978
Patient_28,1,Label 1,0.45413643238689666,33.47994431656836,7.709664280905834,11860,17284,11227,0.4069448256931101,0.5137090137306709,55.04364360358016,69.48464283721316,41.20822696947544,26.767227735842443,26.235543812535195
Patient_30,2,Label 2,0.6342226170158262,30.50630519027725,12.454989768056226,190634,6718,213172,0.9659593011471888,0.47209303477412423,962.7475873429761,470.52337473269597,16.016944502484147,508.2411571127643,-51.127026344333665
Patient_13,1,Label 1,0.5776869577686958,28.42255896132782,4.707894852901771,16114,15986,7574,0.501993769470405,0.6802600472813238,45.1812744140625,61.22589111328125,30.490875244140625,14.446258544921875,35.511651469098275
Patient_01,4,Label 4,0.8474474555168908,25.573051382876663,4.936549307123793,94612,22124,11939,0.8104783442982456,0.8879503711837524,203.2299041748047,222.65625,42.19818115234375,22.771835327148438,9.558802826815327
Patient_28,2,Label 2,0.7670201032131327,25.0,9.026904182722697,476354,62142,227240,0.8846008141193249,0.677029650622376,1677.4971792618087,1283.8732579353534,148.15792873970972,541.7818500661651,-23.464952799483793
Patient_30,1,Label 1,0.4592708630019937,23.57394869968505,5.380190328021415,9675,7869,14913,0.5514705882352942,0.39348462664714495,58.6223029811075,41.82811466977998,18.761139668063077,35.555327979390604,-28.648121034651048
Patient_30,3,Label 3,0.7987198293105747,21.405001202759088,4.210631006292814,14974,4974,2573,0.7506516944054542,0.8533652476206759,41.835267220168106,47.55969171413423,11.858928543518331,6.134504049552205,13.683250698125036
Patient_21,4,Label 4,0.8698532681191641,20.023827640715545,5.158180478080985,97815,24253,5017,0.8013156601238653,0.9512116850785748,245.17035383736973,291.0325069260546,57.82360152109974,11.961448432414851,18.70623930294072
Patient_02,1,Label 1,0.6278292972355294,20.008339674250408,7.760495151932509,14285,11819,5117,0.5472341403616304,0.7362643026492114,46.2579275434947,62.2367251105755,28.178664345766617,12.199866778685827,34.54283063601691
Patient_16,1,Label 1,0.5605722582244413,19.531240463256836,5.243284509144851,15830,22962,1856,0.4080738296555991,0.8950582381544725,42.16666872148476,92.4872448854369,54.74562067074144,4.425044506789309,119.33732896075992
Patient_35,2,Label 2,0.8089500949794363,18.051847596857122,5.818289691736127,156076,6108,67613,0.9623390716716815,0.6977365896400807,836.2397003173829,606.3092041015626,22.834167480468754,252.7646636962891,-27.495764208342834
Patient_21,3,Label 3,0.8330271263374041,17.5,2.691806481016887,19270,6582,1143,0.7453968745164784,0.9440062705138882,48.66833702429427,61.63591087797264,15.692695551555621,2.725121697877252,26.64478518591094
Patient_39,3,Label 3,0.8119892879214448,16.5491755147667,2.640822605827656,11825,4963,513,0.7043721705980462,0.9584211379478035,23.532867431640625,32.02056884765625,9.466171264648438,0.9784698486328125,36.067433943913116
Patient_35,1,Label 1,0.5451057229161564,15.0390625,4.041985514151317,6677,7743,3401,0.4630374479889043,0.6625322484619964,37.67562866210938,53.90777587890626,28.94645690917969,12.714309692382814,43.08394522722762
Patient_35,4,Label 4,0.7436402055021545,13.908992882585443,3.6527359868768423,35897,17907,6843,0.6671808787450747,0.8398923724847918,159.77935791015628,201.14105224609378,66.94358825683595,25.58189392089844,25.886757136172204
Patient_22,4,Label 4,0.7996258045202814,12.83938433826581,3.6465020449734005,53423,20921,5853,0.7185919509308082,0.9012585194682502,141.32485893558356,177.24973535169417,49.879502223350826,13.954625807240207,25.42006883055537
Patient_16,2,Label 2,0.8878357641172451,12.5,4.079225271115405,344245,18763,68217,0.9483124338857546,0.8346102186383231,983.3850793961918,865.4776704313434,44.73443431082317,162.6418432756715,-11.989953013853398
Patient_13,4,Label 4,0.8782156887593461,12.0,4.143839742977113,124740,26164,8432,0.8266182473625616,0.9366833868981468,254.00543212890625,287.8265380859375,49.90386962890625,16.082763671875,13.315111284654432
Patient_22,2,Label 2,0.9037278024769321,11.700566386141086,3.572590003842619,320564,27844,40454,0.9200822024752588,0.8879446454193419,860.733145340551,830.668591875781,66.38520433569047,96.44975780046052,-3.4929006309934683
Patient_01,1,Label 1,0.664153477511027,11.131170655011202,3.024870496572928,21758,11386,10619,0.6564687424571567,0.6720202612965994,61.75422668457031,63.2171630859375,21.717071533203125,20.254135131835938,2.368965623745251
Patient_01,2,Label 2,0.9018922658162842,10.0,3.1202655154995593,309970,11770,55667,0.9634176664387394,0.8477533728807534,697.3972320556641,613.6703491210938,22.449493408203125,106.17637634277344,-12.005623063311427
Patient_13,2,Label 2,0.896368625612136,10.0,3.667389551982141,407175,26833,67316,0.938173950710586,0.8581300804440969,905.0197601318359,827.8045654296875,51.17988586425781,128.39508056640625,-8.531879424478019
Patient_21,1,Label 1,0.5202787322179763,9.326777044105519,2.8473112981366544,8101,9683,5256,0.4555218173639226,0.606498465224227,31.845538511414226,42.40031870083032,23.08604846941858,12.531268280002482,33.14366998577525
Patient_39,1,Label 1,0.6572000233104761,8.400708268596315,2.7992711975050977,16916,12296,5351,0.5790770916061893,0.7596892262091884,42.47093200683594,55.71746826171875,23.4527587890625,10.206222534179688,31.189652849508242
Patient_21,2,Label 2,0.9272514303457732,6.115370308173556,2.924369452452162,301608,28764,18562,0.9129345101885148,0.9420245494581004,763.3440192557829,787.6674589423478,68.57865312138345,44.25521343481851,3.186432207889559
Patient_39,2,Label 2,0.9299504239278661,6.07895338988598,3.9423547759113577,407800,16960,44476,0.9600715698276674,0.9016618171205193,862.6480102539062,810.1654052734375,32.3486328125,84.83123779296875,-6.083895674322759
Patient_02,2,Label 2,0.9332137921736493,5.03224281028629,2.1688046647189756,346094,36018,13519,0.9057396784188929,0.9624068095424804,857.3833675754438,911.0251113029507,85.87351995988003,32.23177623237321,6.25644790371872
Patient_39,4,Label 4,0.9063868100249146,4.0,1.7799785417222767,95133,15015,4636,0.8636834077786251,0.9535326604456295,190.2942657470703,210.09063720703125,28.638839721679688,8.84246826171875,10.403031001613728
