patient,dice_label_1,dice_label_2,dice_label_3,dice_label_4,hd95_mm_label_1,hd95_mm_label_2,hd95_mm_label_3,hd95_mm_label_4,msd_mm_label_1,msd_mm_label_2,msd_mm_label_3,msd_mm_label_4
Patient_01,0.49758233737797647,0.9131357091012301,0.7856448851806728,0.863084938177171,14.5725415105494,8.659950809798604,28.0,14.93051124428179,4.30463012371241,2.8062010612122,4.576497983991552,3.0555390802414726
Patient_02,0.6233486759519398,0.9478869149462645,0.8243908933564106,0.8620058954151122,12.740838569422422,5.0,12.40960111851997,67.07948967385012,10.3494119684515,6.0239060384133705,2.044528618135953,7.71513118700168
Patient_13,0.6301474736078653,0.9009005578508463,0.6981228793907291,0.8604284314855365,22.02166374996236,11.42442900651932,64.00745014696653,10.188949762641142,4.202287253318643,3.455255452834747,12.076298031544725,2.5156550765783665
Patient_16,0.698558786346397,0.9133502471793901,0.7532352681071839,0.8684151382863525,10.780187732429633,10.06448562057258,67.5,29.998946365901407,3.4906383849485194,6.724664378985554,8.829622616788974,5.0082306551262015
Patient_21,0.5392695968751186,0.9318958733556981,0.8343810721225283,0.9032973370721715,12.5,9.715808530603931,10.0,5.0,4.105429321414293,7.687728761069517,1.8029138156343585,1.8758128666029845
Patient_22,0.43000348675034866,0.8801207707558539,0.7969683308914685,0.8536504291067327,14.667429934930007,141.48311015707816,17.55441103455675,22.5,3.7476775692666324,17.020884035509383,3.3861227609496956,7.202750791590827
Patient_28,0.5245961236963487,0.8192648930546361,0.7458189357290946,0.8229736257366438,14.745195898297844,25.0,17.709053762546624,20.0,3.985509130395397,8.350755556225657,4.219659304133389,5.8390639546643595
Patient_30,0.5467712177121771,0.8018768361904218,0.8155604936949479,0.8007416520819977,29.352647553169867,197.50965721589498,15.365067061526954,189.10397831369048,8.296275108335998,52.76264583744909,2.495112580472796,20.08398960226723
Patient_35,0.4022745010592039,0.856725399207395,0.6707415639523135,0.6439670282817755,18.05942896579736,214.0,64.0,19.307162851481635,4.901105055052814,19.24062111520936,9.143152761866459,5.11868362445168
Patient_39,0.6296088339883961,0.9174869065839172,0.8297685962479013,0.8804997310886223,12.665014326506899,7.797148980657129,7.7357519292022445,4.600667092423935,3.518565289084557,5.388917493840329,1.5240246283375216,1.7633104631546368
