patient,mean_foreground_dice,mean_foreground_hd95_mm,mean_foreground_msd_mm
Patient_01,0.6169451477027433,17.562362645280814,5.013025239896277
Patient_02,0.5921083719412663,97.36333196572858,19.54394467179636
Patient_13,0.5956270802264415,52.306324482176215,8.43163102601271
Patient_16,0.6444069026367087,76.33788709057855,15.181992470517937
Patient_21,0.6647604106041125,63.54542914920983,12.214162451493497
Patient_22,0.5810278170155888,81.77104513049619,11.620435442601833
Patient_28,0.3501604440158559,38.992869222052995,13.951131905056258
Patient_30,0.5129730446751558,78.15006919623917,11.740221944040027
Patient_35,0.3861438226482535,21.659364773628596,8.000078639536957
Patient_39,0.6065038384689313,10.389186541783411,3.4575550056183806
